{
  "stream_0_group_1": 6.629874229431152,
  "stream_0_group_2": 5.829533576965332,
  "stream_0_group_3": 6.72867488861084,
  "stream_0_group_4": 6.436792850494385,
  "stream_0_group_5": 5.873570919036865,
  "stream_0_group_6": 6.7689595222473145,
  "stream_1_group_1": 6.7056498527526855,
  "stream_1_group_2": 5.312174320220947,
  "stream_1_group_3": 6.736473083496094,
  "stream_1_group_4": 6.717824935913086,
  "stream_1_group_5": 6.332121849060059,
  "stream_1_group_6": 6.794527530670166,
  "stream_2_group_1": 6.381430149078369,
  "stream_2_group_2": 5.374590873718262,
  "stream_2_group_3": 6.4651665687561035,
  "stream_2_group_4": 4.514143943786621,
  "stream_2_group_5": 6.013092517852783,
  "stream_2_group_6": 6.551296710968018,
  "stream_3_group_1": 6.556382179260254,
  "stream_3_group_2": 6.295750617980957,
  "stream_3_group_3": 6.539884567260742,
  "stream_3_group_4": 6.378745079040527,
  "stream_3_group_5": 6.448861122131348,
  "stream_3_group_6": 6.406762599945068,
  "stream_4_group_1": 6.218363285064697,
  "stream_4_group_2": 6.250899314880371,
  "stream_4_group_3": 6.268946170806885,
  "stream_4_group_4": 6.2544426918029785,
  "stream_4_group_5": 6.291965484619141,
  "stream_4_group_6": 6.472641944885254,
  "stream_5_group_1": 4.136659622192383,
  "stream_5_group_2": 4.890688896179199,
  "stream_5_group_3": 5.373326778411865,
  "stream_5_group_4": 3.9854533672332764,
  "stream_5_group_5": 4.565478801727295,
  "stream_5_group_6": 5.391785144805908
}