{
  "stream_0_group_1": 96.875,
  "stream_0_group_2": 57.71484375,
  "stream_0_group_3": 100.0,
  "stream_0_group_4": 86.23046875,
  "stream_0_group_5": 48.6328125,
  "stream_0_group_6": 100.0,
  "stream_1_group_1": 98.73046875,
  "stream_1_group_2": 43.84765625,
  "stream_1_group_3": 100.0,
  "stream_1_group_4": 96.19140625,
  "stream_1_group_5": 76.66015625,
  "stream_1_group_6": 100.0,
  "stream_2_group_1": 87.40234375,
  "stream_2_group_2": 34.27734375,
  "stream_2_group_3": 91.2109375,
  "stream_2_group_4": 20.3125,
  "stream_2_group_5": 60.44921875,
  "stream_2_group_6": 98.046875,
  "stream_3_group_1": 99.21875,
  "stream_3_group_2": 84.08203125,
  "stream_3_group_3": 100.0,
  "stream_3_group_4": 92.1875,
  "stream_3_group_5": 91.50390625,
  "stream_3_group_6": 89.453125,
  "stream_4_group_1": 85.3515625,
  "stream_4_group_2": 91.796875,
  "stream_4_group_3": 95.703125,
  "stream_4_group_4": 99.4140625,
  "stream_4_group_5": 86.62109375,
  "stream_4_group_6": 92.28515625,
  "stream_5_group_1": 31.15234375,
  "stream_5_group_2": 59.66796875,
  "stream_5_group_3": 62.20703125,
  "stream_5_group_4": 33.203125,
  "stream_5_group_5": 44.921875,
  "stream_5_group_6": 71.38671875
}